"Permission Key","Area","Description","Super Admin","Admin/Manager","Sales/Consultant","Documentation","Processing","Finance","Support","Marketing","Client","Partner/Referral","Conditions/Notes"
"auth.login","Auth","Login to assigned portal","yes","yes","yes","yes","yes","yes","yes","yes","yes","yes","All active users only"
"auth.logout","Auth","Logout current session","yes","yes","yes","yes","yes","yes","yes","yes","yes","yes","Audit logout where practical"
"auth.password_reset","Auth","Request or complete password reset","yes","yes","yes","yes","yes","yes","yes","yes","yes","yes","Rate limit and audit suspicious activity"
"users.view","Users","View employee and user accounts","yes","yes","no","no","no","no","no","no","no","no","Admin scoped by branch where applicable"
"users.create","Users","Create employee or portal account","yes","yes","no","no","no","no","no","no","no","no","Audit user creation"
"users.update","Users","Update employee or portal account","yes","yes","no","no","no","no","no","no","own_profile","own_profile","Clients and partners can update safe profile fields only"
"users.deactivate","Users","Deactivate account","yes","yes","no","no","no","no","no","no","no","no","Cannot deactivate last super admin"
"roles.view","RBAC","View roles and permissions","yes","yes","no","no","no","no","no","no","no","no","Audit access to role screens if exported"
"roles.manage","RBAC","Create update delete roles and permission mappings","yes","limited","no","no","no","no","no","no","no","no","Super admin owns final control"
"settings.manage","Settings","Manage global settings services countries statuses templates","yes","limited","no","no","no","no","no","limited","no","no","Marketing may manage content templates only if approved"
"branches.manage","Organization","Manage branches departments designations","yes","yes","no","no","no","no","no","no","no","no","Audit every change"
"leads.view_all","Leads","View all leads","yes","yes","no","no","no","no","limited","limited","no","no","Marketing/support limited by approved screens"
"leads.view_assigned","Leads","View assigned leads","yes","yes","yes","department","department","no","yes","yes","no","no","Backend checks assignment department branch"
"leads.create","Leads","Create manual lead","yes","yes","yes","no","no","no","yes","yes","no","yes","Partner can create referral lead only"
"leads.update","Leads","Update lead details and status","yes","yes","assigned","no","no","no","assigned","limited","no","own_referral_limited","Status transition rules required"
"leads.assign","Leads","Assign or reassign leads","yes","yes","no","no","no","no","no","no","no","no","Audit reassignment old and new owner"
"leads.convert","Leads","Convert lead to client and case","yes","yes","assigned","no","no","no","no","no","no","no","Requires lead status and duplicate checks"
"leads.reject","Leads","Reject or close lead","yes","yes","assigned","no","no","no","assigned","no","no","no","Requires reason and audit"
"leads.export","Leads","Export lead data","yes","yes","no","no","no","no","no","limited","no","no","Audit export log required"
"clients.view_all","Clients","View all clients","yes","yes","no","no","no","no","no","no","no","no","Admin scoped by branch if enabled"
"clients.view_assigned","Clients","View assigned or department permitted clients","yes","yes","yes","yes","yes","yes","yes","limited","no","no","Backend ownership check required"
"clients.view_own","Clients","View own client portal profile","no","no","no","no","no","no","no","no","yes","no","Client isolation required"
"clients.update","Clients","Update client profile fields","yes","yes","assigned_limited","department_limited","department_limited","finance_limited","support_limited","no","own_safe_fields","no","Sensitive fields require audit"
"clients.timeline.view","Timeline","View activity timeline","yes","yes","assigned","department","department","finance_related","support_related","no","own_visible_events","own_referral_limited","Do not expose internal audit details to client/partner"
"cases.view_all","Cases","View all case records","yes","yes","no","no","no","no","no","no","no","no","Admin reporting only"
"cases.view_assigned","Cases","View assigned or department case queue","yes","yes","assigned","department","department","finance_related","support_related","no","no","limited_referral_status","Backend checks department and ownership"
"cases.update_status","Cases","Update case status or stage","yes","yes","no","department_limited","department","no","no","no","no","no","Status transition rules required"
"cases.handover","Cases","Handover case between departments","yes","yes","assigned","department","department","no","no","no","no","no","Requires reason notes and audit"
"cases.escalate","Cases","Escalate case issue","yes","yes","assigned","department","department","finance_related","support_related","no","no","no","Audit and notify manager"
"documents.upload","Documents","Upload client document","yes","yes","assigned_on_behalf","department_on_behalf","department_on_behalf","finance_related","support_related","no","own","no","Private storage only"
"documents.view_all","Documents","View all client documents","yes","yes","no","no","no","no","no","no","no","no","Signed URL after permission check"
"documents.view_assigned","Documents","View assigned or department documents","yes","yes","assigned","department","department","finance_related","support_related","no","own","no","Signed URL after permission check"
"documents.review","Documents","Review document and add notes","yes","yes","no","yes","limited","no","no","no","no","no","Review does not equal final legal decision"
"documents.verify","Documents","Mark document verified","yes","yes","no","yes","limited","no","no","no","no","no","Audit required"
"documents.reject","Documents","Reject or request replacement","yes","yes","no","yes","limited","no","no","no","no","no","Reason required and client notification"
"appointments.view_all","Appointments","View all appointment calendars","yes","yes","no","no","no","no","limited","no","no","no","Admin calendar scope"
"appointments.view_assigned","Appointments","View assigned appointments","yes","yes","yes","yes","yes","finance_related","yes","no","own","no","Client sees own only"
"appointments.book","Appointments","Book appointment","yes","yes","assigned","department_limited","department_limited","finance_followup","support","no","request_only","no","Availability and appointment type rules required"
"appointments.manage","Appointments","Reschedule cancel or override appointment","yes","yes","assigned","department_limited","department_limited","finance_followup","support","no","own_request","no","Audit changes"
"communications.view_all","Communications","View all conversations","yes","yes","no","no","no","no","limited","no","no","no","Admin/supervisor only"
"communications.view_assigned","Communications","View assigned conversations","yes","yes","assigned","department_limited","department_limited","finance_related","support","marketing_campaign","own_visible","no","Backend checks conversation ownership"
"communications.send_whatsapp","Communications","Send WhatsApp message","yes","yes","assigned","department_limited","department_limited","finance_related","support","campaign_approved","no","no","Template and opt-in rules required"
"communications.manage_templates","Communications","Manage WhatsApp/email templates","yes","yes","no","no","no","no","limited","limited","no","no","Meta policy and approval process required"
"communications.handover","Communications","Take over bot conversation or hand to employee","yes","yes","assigned","department_limited","department_limited","no","support","no","no","no","Audit handover"
"finance.view_all","Finance","View all finance records","yes","yes","no","no","no","yes","no","no","no","no","Finance/admin only"
"finance.view_related","Finance","View related payment status","yes","yes","assigned_limited","department_limited","department_limited","yes","support_limited","no","own_visible","no","Hide internal finance notes from client"
"finance.create_payment","Finance","Create payment record","yes","yes","no","no","no","yes","no","no","no","no","Audit required"
"finance.verify_payment","Finance","Verify payment receipt","yes","yes","no","no","no","yes","no","no","no","no","Audit required"
"finance.manage_invoice","Finance","Create update invoice or receipt","yes","yes","no","no","no","yes","no","no","view_only","no","Client can view approved invoices/receipts only"
"finance.refund","Finance","Create or complete refund","yes","yes","no","no","no","yes","no","no","no","no","Requires approval workflow"
"reports.view","Reports","View reports dashboard","yes","yes","limited","department","department","finance","support","marketing","no","limited_own_referrals","Role scoped metrics only"
"reports.export","Reports","Export reports","yes","yes","no","no","no","limited","no","limited","no","no","Export log required"
"audit.view","Audit","View audit logs","yes","limited","no","no","no","no","no","no","no","no","Never expose raw audit to clients or partners"
"ai_jobs.create","AI","Request AI/OCR/transcription job","yes","yes","assigned","department","department","finance_related","support","marketing","no","no","Queue only; never request-response slow work"
"ai_outputs.review","AI","Review AI output","yes","yes","assigned","department","department","finance_related","support","marketing","no","no","AI assists only; human review required"
"ai_settings.manage","AI","Manage AI provider prompts templates limits","yes","limited","no","no","no","no","no","no","no","no","Prompt/template versioning required"
"partners.manage","Partners","Create update deactivate partner/referral account","yes","yes","no","no","no","no","no","no","no","no","Audit partner access changes"
"partners.view_referrals","Partners","View partner referrals","yes","yes","assigned_limited","no","no","finance_limited","support_limited","marketing_limited","no","own_only","Partner sees limited safe status"
"devices.manage","Devices","Manage employee device registry","yes","yes","no","no","no","no","no","no","no","no","Requires employee/device policy"
"attendance.check_in_out","Attendance","Employee attendance check in/out","yes","yes","yes","yes","yes","yes","yes","yes","no","no","Requires attendance policy"
"attendance.view_team","Attendance","View team attendance","yes","yes","manager_only","manager_only","manager_only","manager_only","manager_only","manager_only","no","no","Department scoped"
"attendance.override","Attendance","Manual attendance override","yes","yes","no","no","no","no","no","no","no","no","Audit required"
"notifications.manage","Notifications","Create system notification or broadcast","yes","yes","no","no","no","no","limited","limited","no","no","Role/recipient scoping required"
"integrations.manage","Integrations","Manage API credentials webhooks providers","yes","limited","no","no","no","no","no","no","no","no","No secrets in source code"
