"Week","Task","Module","Owner","Priority","Dependency","Deliverable","Acceptance Criteria"
"1","Confirm corrected agreement package","Legal/Commercial","Client/Project Lead","Critical","agreement.txt corrected","Signed-ready agreement source","All final signing docs show CAD 10500 with no old amount or currency wording"
"1","Confirm main approver and backup approver","Project Management","Client","Critical","None","Approver record","Approver and backup approver confirmed in writing"
"1","Create project communication channel","Project Management","Client/Project Lead","High","Approver confirmation","Active channel","Client decision makers and dev lead added"
"1","Create project repository","DevOps","Dev Team","High","Repo decision","Repository created","Access rules and branch strategy documented"
"1","Create project board","Project Management","Project Lead","High","Tool selection","Board created","Columns and Week 1-4 tasks loaded"
"1","Approve development standards","Project Governance","Client/Dev Team","Critical","DEVELOPMENT_STANDARDS.md","Standards approval","Dev team confirms standards are mandatory"
"1","Finalize module scope matrix","Scope","Business Analyst","High","ai.txt agreement.txt plan.txt","Scope matrix v1","Each module mapped to owner week dependency and acceptance"
"1","Prepare architecture document","Architecture","Solution Architect","High","Approved stack","Architecture v1","Architecture accepted for Week 2 gate"
"1","Prepare architecture diagram","Architecture","Solution Architect","High","Architecture doc","Diagram v1","Diagram shows web backend mobile AI DB queue storage integrations"
"1","Prepare ERD draft","Database","Database Lead","High","Scope matrix","ERD v1","Entities ownership fields audit fields and indexes covered"
"1","Prepare RBAC permission matrix","Security/RBAC","Backend Lead","High","Roles list","RBAC v1","Permission keys mapped to roles and conditions"
"1","Prepare API module map","API","Backend Lead","High","RBAC and ERD","API map v1","Routes permissions audit behavior and ownership notes listed"
"1","Prepare UI sitemap","UI/UX","UX Lead","High","Scope matrix","Sitemap v1","Admin employee client partner mobile routes mapped"
"1","Prepare design system starter","UI/UX","Frontend Lead","High","Brand direction","Design starter","Tokens components statuses and theme rules documented"
"1","Prepare DevOps staging plan","DevOps","DevOps Lead","High","Hosting decision pending","Staging plan","Local staging production strategy and provider decisions listed"
"1","Collect client business inputs","Business Setup","Client/Project Lead","Critical","Missing input tracker","Completed input tracker","Services countries departments employees statuses checklist templates gathered or marked pending"
"2","Initialize monorepo or approved repo structure","DevOps","Dev Team","High","Repository created","Repo skeleton","Apps packages config and README created"
"2","Initialize NestJS backend foundation","Backend","Backend Lead","High","Architecture approved","Backend shell","Backend runs locally with strict TypeScript lint env config"
"2","Initialize Next.js web foundation","Frontend","Frontend Lead","High","Design starter","Web shell","AppShell login route theme setup and route groups created"
"2","Initialize Prisma/PostgreSQL schema foundation","Database","Backend/Database Lead","High","ERD approved","Initial migration","Auth RBAC organization lead/client/case base schema migrates cleanly"
"2","Implement auth baseline","Backend","Backend Lead","High","DB foundation","Auth APIs","Login logout refresh me password reset skeleton works"
"2","Implement RBAC guard foundation","Security/RBAC","Backend Lead","Critical","RBAC approved","Permission guard","Protected endpoints enforce permission keys server-side"
"2","Implement ownership guard foundation","Security/RBAC","Backend Lead","Critical","RBAC and DB schema","Ownership guard","Assigned/department/client/partner isolation tested"
"2","Implement audit log foundation","Audit","Backend Lead","High","Auth/RBAC","Audit service","Login role user lead assignment events can be recorded"
"2","Implement activity timeline foundation","Timeline","Backend Lead","High","Lead/client/case schema","Timeline service","Readable events can be attached to lead client case"
"2","Setup private storage signed URL flow","Storage/Documents","Backend/DevOps","High","Storage provider","Upload/signed URL test","No public file URL required for document access"
"2","Create design system token files","Frontend","Frontend Lead","High","Design starter","Token implementation","Light/dark theme tokens available to components"
"2","Create shared UI component starter","Frontend","Frontend Lead","High","Token files","Component starter","Button StatusBadge DataTable Empty Loading Error PermissionGate available"
"2","Deploy skeleton to staging","DevOps","DevOps Lead","High","Staging provider","Staging URL","Web and API health checks pass on staging"
"2","Prepare Flutter API contract","Mobile","Mobile Lead","Medium","Auth API","Mobile API plan","Flutter auth and dashboard contract documented"
"3","Build users roles departments management","Backend/Frontend","Full Stack Team","High","Auth/RBAC foundation","Admin user screens/APIs","Admin can create users assign roles departments and audit changes"
"3","Build lead CRM foundation","Leads","Full Stack Team","High","DB/RBAC","Lead CRUD/list/detail","Lead create list filter detail update works with permissions"
"3","Build lead assignment workflow","Leads","Backend/Frontend","High","Lead CRM","Assignment workflow","Admin can assign/reassign and audit captures old/new owner"
"3","Build duplicate lead check","Leads","Backend Lead","Medium","Lead schema","Duplicate warnings","Phone/email duplicate detection works"
"3","Build client/case base creation","Clients/Cases","Backend Lead","High","Lead conversion","Conversion workflow","Qualified lead converts to client and case with timeline/audit"
"3","Build admin/employee dashboards v1","Frontend","Frontend Lead","Medium","Lead/client APIs","Dashboards v1","Role scoped summary cards and queues display correctly"
"3","Build WhatsApp webhook skeleton","Communications","Backend Lead","High","Meta access or mock","Webhook endpoint","Webhook validation storage and retry plan implemented against mock if access pending"
"3","Build conversation storage model","Communications","Backend Lead","High","Webhook skeleton","Conversation APIs","Messages stored and scoped to assigned users"
"3","Build appointment foundation","Appointments","Full Stack Team","Medium","Users clients","Appointment CRUD","Appointment create list reschedule cancel works with audit"
"3","Build reports foundation","Reports","Backend Lead","Medium","Lead/client/case data","Report APIs v1","Daily operations and lead source metrics available"
"4","Build document requirement configuration","Documents","Full Stack Team","High","Services/countries confirmed","Document requirement admin","Admin can configure requirements by service and target country"
"4","Build client document upload workflow","Documents","Full Stack Team","High","Private storage","Document upload UI/API","Client/staff upload creates private file and document record"
"4","Build document review workflow","Documents","Full Stack Team","High","Document upload","Review actions","Documentation can verify reject request replacement with audit/timeline"
"4","Build case processing board v1","Processing","Full Stack Team","High","Case schema","Processing board","Processing department can update stages and add notes"
"4","Build finance payment foundation","Finance","Full Stack Team","High","Client/case schema","Payment queue","Finance can add verify payments and see client payment profile"
"4","Build invoice and receipt foundation","Finance","Full Stack Team","Medium","Payment foundation","Invoice/receipt v1","Invoices and receipts can be created and viewed by allowed users"
"4","Build client portal foundation","Client Portal","Frontend/Backend","High","Auth client APIs","Client dashboard v1","Client sees own case status documents appointments payments"
"4","Build partner portal foundation","Partner Portal","Frontend/Backend","Medium","Partner APIs","Partner dashboard v1","Partner can submit referral and view limited own referral status"
"4","Build AI job queue skeleton","AI","Backend/AI Lead","High","Redis/BullMQ","AI job pipeline","Backend enqueues job AI worker returns status/output against sample job"
"4","Build OCR/document classification mock","AI/Documents","AI Lead","Medium","AI job pipeline","OCR mock integration","Document job stores suggested classification and review status"
"4","Staging UAT checkpoint 1","QA/UAT","QA/Project Lead","Critical","Week 2-4 deliverables","UAT report","Critical Week 2-4 flows tested and blockers logged"
